{
  "center_": [
    0.0,
    0.7950604557991028,
    0.0,
    0.0,
    0.0,
    1.3437347412109375,
    0.0,
    0.0,
    0.0,
    0.0,
    0.0,
    0.0,
    0.0,
    0.0,
    0.0,
    0.0,
    0.0,
    0.0,
    3.5065579414367676,
    0.0,
    0.0,
    0.0,
    0.0,
    0.0,
    0.0,
    0.0,
    0.0,
    0.0,
    2.5649492740631104,
    0.0,
    0.0,
    0.0,
    0.0
  ],
  "scale_": [
    1.1420973539352417,
    3.7796337604522705,
    0.06453852355480194,
    1.0,
    1.0,
    4.153268337249756,
    0.28768208622932434,
    1.0,
    0.31237468123435974,
    0.03278982266783714,
    1.0,
    1.0,
    1.2139230966567993,
    0.8892620801925659,
    1.0,
    1.0,
    0.03286167420446873,
    1.4271163940429688,
    5.005622863769531,
    0.06453852355480194,
    1.0,
    0.06453852355480194,
    2.0412204265594482,
    1.0,
    1.0,
    16.865572929382324,
    0.06453852355480194,
    1.0,
    3.7018340043723583,
    1.945910096168518,
    0.246860072016716,
    1.6550483703613281,
    0.566527783870697
  ],
  "with_centering": true,
  "with_scaling": true,
  "quantile_range": [
    25.0,
    75.0
  ]
}